Title,Price,Seller Type,Product Link,Image URL,Website
Kirkland Hair Regrowth Treatment 5% Minoxidil Foam for Men - 6 Months Supply,65,Top Rated Seller,https://www.ebay.com/itm/164108535397?epid=10031090216&hash=item2635a18665:g:rOEAAOSw9GhYdF~Y&amdata=enc%3AAQAIAAAA4BXDcNBbpYzqXsGEOGJuMBcNrF6IoxxJJqy9sHErchALiRaErHtoYuyYRm0IxlpM8npYx3lJ%2BYAt6agne3GVzEyslC27Hq1QasM0wy0Y4NXOEvKmMVpo2xKiN38GueerpNnb7bM3NTMU0I97DJ%2B7ItMO4O1atWyfBvq6jqq6RfzDhaTMiGyUdblWg9cNKu9nEUdOJ1RbKKm9K%2FU4ffTrlqhsGmZOOZCyukZzWAmkgetVvYHy1UAzQoA1mUxJSNI0oVoI8dLHK7EdZMkLixXNIJ9VAe65AaLOTnRNa0PHb5co%7Ctkp%3ABFBMrrf73Ixj,https://i.ebayimg.com/thumbs/images/g/rOEAAOSw9GhYdF~Y/s-l300.webp,www.ebay.com
Kirkland Signature Minoxidil 5% FOAM Hair Regrowth Treatment EXP 03/2025,99,Top Rated Seller,https://www.ebay.com/itm/125614992241?hash=item1d3f3cab71:g:wn0AAOSwuRBjdDjz&amdata=enc%3AAQAIAAAA4CnBhf16YPBxZWS6m5iQbyufI5eXIi0tsBSzShLhyLPQl%2B2VKrf3EeMaeN3cpV0CthrJJFk9ddSfsbAN3KjLMH46tz7DiPORkrd7wrcysfoAcitb9Y3QKXDgOL4x1EgOgfBi2AgmetRD%2BBRVbZHONXP7kQ26eg4ZI9vRlq0j2bkaMnOFzDuUZY5z4l%2FhL5%2Bpe%2BXk%2F1C39nxyaE0KzHA29l6DuKCHBRj%2Fc9LglRzKUj7iMcwc8YHWVNopbNigxA3KivQ4vagDZaf3iFJS7BwxC1JqPOzgDKsC%2FVeSt14GGyA2%7Ctkp%3ABFBMsLf73Ixj,https://i.ebayimg.com/thumbs/images/g/wn0AAOSwuRBjdDjz/s-l300.webp,www.ebay.com
New ListingKirkland Minoxidil 5% Extra Strength Men Hair Growth Solution - 6 Month Supply,39,Not Available,https://www.ebay.com/itm/375116870164?hash=item5756b53214:g:j08AAOSw0Wtk2dZP&amdata=enc%3AAQAIAAAA4NdGimODvgcHwe2e%2BZ0eMI30J10s9YKgPbA%2Fz388QMScU1bNSYYQufd%2BrHTpliShfcpqOta1hcYWN3VJxLDByRHiPyfkVQMs0Tfl%2FT%2Fc0OXvgLFHaq%2FIRApC8VadsrI1nyQUP%2Ft3wmnfU%2B6k758O1XyAGL78r%2BE1CCkC%2B01m%2FXBnAJSKQBd1vXuu1xzxecfXHS9CZj1FcT3vs5LoKdVUMi4vImSAiH0pCsCkgM3Pob7bprrH%2F5Bauj%2Bkuut%2FD2iL7MCdzAenRF%2BAzphGF8m%2FaConNQpatVA6HY9oLBRlgfmJ%7Ctkp%3ABFBMsLf73Ixj,https://i.ebayimg.com/thumbs/images/g/j08AAOSw0Wtk2dZP/s-l300.webp,www.ebay.com
Kirkland Signature Minoxidil 5% Foam Hair Loss Regrowth Treatment,134,Not Available,https://www.ebay.com/itm/174181136541?hash=item288e01389d:g:wgAAAOSwpBdeOTve&amdata=enc%3AAQAIAAAA4FJkzM4mszGj8He1AwqTWNqfjA0y1oShD2NtvyKRYlmP5Pige%2FDiB3CW4oPEeTaDL3nhp350CijD95TTdyiqlfZjk38%2FJwlyZAMzl1It84YvWpGywwdo57DkCHNYvW2bJOsfaSp8uNq%2FwrQha1kv1el91qM6JwNqBrmjc1y6nwVQy%2FX72cxK9ktF7dTSW69Fw%2FzqIBpY2AgYbfJ6Xv9hIAbyHJI8MBmvV5H0KsOV6NMpql%2FXfvEFOOpir5StYO4%2Fh2F4g%2FJmbg36da16kjUPQ6C7J4Cz%2BNQxr2ZuW6xiS9mu%7Ctkp%3ABFBMsLf73Ixj,https://i.ebayimg.com/thumbs/images/g/wgAAAOSwpBdeOTve/s-l300.webp,www.ebay.com
Kirkland Minoxidil 5% Hair Regrowth Solution Extra Strength Men 6 Month Supply,34,Top Rated Seller,https://www.ebay.com/itm/184151940760?epid=516881690&hash=item2ae04f9e98:g:uz0AAOSwv8FZ4531&amdata=enc%3AAQAIAAAA4OX8t5POVdHa8gf0%2BPJVoPwk1c9Td24BylKUdk8Ev1udW%2BsGw4r5Ipl6JMvyjzAji62GDAyugeye%2B4X8KJ%2FroIwOXfqUQKjAL7ZZJeFanjrmu0jldXULltR0siMJ8G0hxamXW6%2FbOy3fyTU%2FogxL7ZvfIGN%2F6h4NE0Kd2lfkTYHbRDqLILr5Y0yV4QFzfJfz2oonFGLPWeK%2Ffx34aXZdfhloYWP4Z4PD73FxIgvS%2F%2FsacDqVGfBRf542zLLuwA0zrpDa7Z2xXQ9m6oxA%2BfVmApG3qzJMlhj8TO55o2izuadu%7Ctkp%3ABk9SR7C3-9yMYw,https://i.ebayimg.com/thumbs/images/g/uz0AAOSwv8FZ4531/s-l300.webp,www.ebay.com
Minoxidil 5% Extra Strength 2 to 6 Months Supply,29,Not Available,https://www.ebay.com/itm/386333078120?hash=item59f33ef268:g:qHkAAOSwUStlaZT7&amdata=enc%3AAQAIAAAA4AD8dWGslRbDT51KAmcwfgLOvXGa5i402NWcwHdjC%2BWjeIkNU78BoLleaJhP81FZt%2F0VOXAGSWtR7cFg95iERx5hJJTMuDQ16RhpaAwdJnidTrnrDfSIUCZCvJAGNiwljgvpLfJNlo323XplIcq4CCnNCVjwXhQRItPqU9OjfbJN7K2Y%2B0KsD5Pyushdznd2JDm%2Fwb6Zd%2BzqIUMj6A%2BM6aMwR2UQKLFv%2BKV2t3r92XchGELAz0EmuwYw1nMEMMiN4iSsLBoYrzyDmZdxYCsKHIq5oouYlf6e7x0PCcy6PPwC%7Ctkp%3ABk9SR7C3-9yMYw,https://i.ebayimg.com/thumbs/images/g/qHkAAOSwUStlaZT7/s-l300.webp,www.ebay.com
Minoxidil 5% Hair Regrowth Treatment AUTHENTIC,29,Not Available,https://www.ebay.com/itm/386310931023?hash=item59f1ed024f:g:lYMAAOSw5x9lYFch&amdata=enc%3AAQAIAAAAwLoaTbK%2BrPEAgPLIaq%2FJ%2F6dxkB7A1v0r2%2FIMEyRjemlBVg2kWQHQWoCGy5ufT6crecsgVffItUQnm0PgZjguG8EJRhdo7oZhWPUjOtYDFmFsH1N7skHnEgJKfIxzN9gagmYE8jE3Wktz1FwGNs3xBamODKLCms5aYBudNOQhyxF9dVW%2BlSMA1IM5voPxcDD37ALZxtrx8E5PbapU6TGq8tkboiGvOWXde6CefQgAc8T9zIEY90nNlZZoKXSXk%2FSeqQ%3D%3D%7Ctkp%3ABk9SR7C3-9yMYw,https://i.ebayimg.com/thumbs/images/g/lYMAAOSw5x9lYFch/s-l300.webp,www.ebay.com
Kirkland Minoxidil 5% Extra Strength Men Hair Regrowth Solution 6 Month,30,Not Available,https://www.ebay.com/itm/355073960217?epid=516881690&hash=item52ac0ea919:g:CdgAAOSwq1dlGbff&amdata=enc%3AAQAIAAAA4P%2BMb6ATYwcMKiWVBLqqL5osACUuZ%2BGAJhJeQd%2ByPJVkdydO74UxK4bUdNgULDpwszAjj07bMrjngkl6bziB8lqbLzB%2BEqu9X3l9%2B24g7rwufSRA%2BMxBvh9CHSfKztuniWZeaQOi0JReK%2FaeIAIGH64XdCI%2FQ%2BkrWQ%2BFH7YahGPI8%2F%2FhcicSRj9wVqBgyJUP8LkymdPh60S0WIS7wjR690quaOXXY6ACOg%2BgjuJJjZJSmrCyTHzzfJ4jZtWCow8CPolQHSyzFACClHWH3d%2BlnRL01ztRpIwf9xdp0PjYBJuL%7Ctkp%3ABk9SR7C3-9yMYw,https://i.ebayimg.com/thumbs/images/g/CdgAAOSwq1dlGbff/s-l300.webp,www.ebay.com
Kirkland Minoxidil 5% Extra Strength Men's Hair Solution 1/2/3/4/5/6 Month,70,Top Rated Seller,https://www.ebay.com/itm/284628168549?hash=item4245292f65:g:nmwAAOSwDYNeMFVm&amdata=enc%3AAQAIAAAAwA%2FxWW5oX6R5tVOlyFW5c%2B6Om6YSv2SfikPq%2BO%2BshPgnWze%2FxZeJkmAq6lq7T8A0OK8SuiVtGyYBbFwsJZ28%2BPXu6EvPdFMZHVOlbHZ6pFgnqehvBTxtNCuNPz%2Fnp5y79%2F5ifB8qFkD54nwE9Nd%2BTzLZSR%2BlY30m1Q9KK%2BTdruccOzGaXolAQRGTKszusFMmapuBz1kOzDx6%2B6jPmzzjGbR2FA7jjW5JLSk4oKj0j0UiLVxwCJrXZesDMARGpVF9ew%3D%3D%7Ctkp%3ABk9SR7C3-9yMYw,https://i.ebayimg.com/thumbs/images/g/nmwAAOSwDYNeMFVm/s-l300.webp,www.ebay.com
Kirkland Minoxidil 5% Extra Strength Men Hair Growth Solution - 6 month supply,44,Not Available,https://www.ebay.com/itm/126192236262?hash=item1d61a4b6e6:g:gccAAOSwsallV~-n&amdata=enc%3AAQAIAAAAwMr%2FaXw0XtbdFbfIYzMAbhJtPA%2BiD9FQKUrcRuyXNNqdlmx41G8ylhJZmrgIBlHUqfutdBuLQcgxiqriyUz3xwbls%2FTXw%2FDC3VCBUrqW6P2PxC0JdNJXQoqaHcu8njC9q3s2zJ%2BCECeYDl55m2RheAleA5Q8hTWWUawW%2BTXNdvyElgnGWBjkoikzVNAKox239Ca2gbbX7Se3fkfQIyQrk7fhVVUyI18zCvaOkXsaP9hZPYDb47QImcvQY4dv5g2FwQ%3D%3D%7Ctkp%3ABk9SR7C3-9yMYw,https://i.ebayimg.com/thumbs/images/g/gccAAOSwsallV~-n/s-l300.webp,www.ebay.com
